account_id,customer_id,account_type,balance,status,last_updated
10000,469,checking,61741.7,active,2025-02-20
10001,626,checking,75910.73,active,2025-05-25
10002,163,savings,71645.07,active,2025-02-11
10003,339,business,1028.21,frozen,2025-03-06
10004,586,business,92606.85,active,2024-09-06
10005,869,business,48411.65,frozen,2024-10-04
10006,280,checking,47269.55,frozen,2024-08-29
10007,256,checking,-3540.47,active,2024-12-13
10008,15,business,39622.79,frozen,2024-12-26
10009,707,savings,99393.3,frozen,2025-06-17
10010,87,business,42108.46,active,2024-09-25
10011,461,savings,2887.85,active,2025-02-22
10012,724,savings,39385.84,closed,2025-06-23
10013,350,checking,96821.48,closed,2025-03-28
10014,512,business,84331.59,active,2024-08-26
10015,595,checking,45728.09,closed,2024-09-20
10016,437,savings,72492.7,frozen,2025-04-01
10017,807,savings,91920.92,frozen,2025-01-19
10018,73,checking,88711.86,closed,2025-05-28
10019,118,checking,-4381.43,closed,2024-11-04
10020,673,checking,32158.74,active,2025-03-06
10021,717,business,14546.56,closed,2024-08-19
10022,19,savings,40234.4,active,2024-07-14
10023,174,business,49003.45,active,2024-08-18
10024,842,savings,90876.46,active,2024-09-26
10025,319,business,21264.15,closed,2025-03-19
10026,810,checking,26424.92,closed,2024-09-04
10027,374,business,80212.1,active,2024-07-04
10028,899,business,83132.53,active,2025-02-04
10029,287,checking,73444.56,active,2024-08-01
10030,736,business,15838.78,active,2024-10-01
10031,584,savings,9036.43,closed,2025-03-20
10032,679,savings,11832.81,active,2024-06-26
10033,982,business,98207.51,active,2024-07-21
10034,863,checking,52762.99,frozen,2024-12-07
10035,261,checking,73864.44,closed,2025-02-20
10036,648,business,91973.93,closed,2024-09-07
10037,270,savings,95556.25,active,2024-09-22
10038,259,savings,31132.66,active,2025-04-17
10039,485,savings,66222.58,closed,2025-05-02
10040,880,business,72430.31,closed,2024-09-02
10041,984,checking,24633.45,active,2025-01-12
10042,879,savings,59849.38,frozen,2024-10-12
10043,42,savings,21194.01,active,2024-10-17
10044,540,business,20972.21,closed,2024-08-18
10045,407,checking,69178.39,active,2024-09-16
10046,590,business,14024.77,frozen,2024-10-19
10047,305,savings,7648.42,closed,2025-01-04
10048,79,checking,98991.87,active,2025-03-09
10049,874,savings,59729.07,active,2024-07-23
10050,105,checking,37766.2,closed,2025-02-15
10051,474,savings,30298.67,closed,2025-02-10
10052,126,business,39842.65,active,2025-01-15
10053,624,savings,23270.84,closed,2024-08-23
10054,719,business,38897.79,closed,2025-06-06
10055,98,savings,-706.64,active,2025-02-17
10056,659,savings,24958.28,closed,2024-06-29
10057,207,checking,14408.2,closed,2025-05-02
10058,745,checking,26957.45,active,2025-03-14
10059,28,business,52935.66,active,2024-12-30
10060,679,checking,72835.67,closed,2024-11-01
10061,762,savings,63276.08,active,2025-05-10
10062,787,savings,88155.35,active,2024-10-28
10063,247,savings,56588.95,frozen,2025-05-26
10064,391,savings,68989.31,active,2024-07-28
10065,154,business,59996.09,closed,2024-10-31
10066,972,savings,51023.54,active,2025-05-19
10067,90,savings,15129.21,frozen,2024-10-08
10068,518,business,97388.25,closed,2025-03-20
10069,919,business,70319.22,closed,2024-11-05
10070,139,checking,38995.44,frozen,2024-08-14
10071,45,savings,57911.13,frozen,2025-06-09
10072,265,checking,-228.25,frozen,2024-11-24
10073,125,business,14970.05,closed,2024-07-18
10074,346,business,50909.33,frozen,2025-06-16
10075,154,savings,40963.22,frozen,2025-06-20
10076,787,business,76834.08,closed,2024-12-14
10077,557,savings,14326.97,active,2024-10-29
10078,447,business,68155.78,frozen,2024-12-12
10079,933,business,69314.17,frozen,2025-02-01
10080,531,checking,84509.88,closed,2025-03-20
10081,550,business,7505.86,active,2025-02-17
10082,94,business,20012.76,active,2025-02-22
10083,304,checking,92361.04,closed,2024-07-22
10084,106,business,97902.48,active,2024-09-12
10085,238,savings,63107.78,frozen,2025-01-26
10086,756,checking,3740.85,frozen,2024-09-19
10087,541,business,9029.22,frozen,2024-08-13
10088,604,checking,98452.43,frozen,2024-07-07
10089,22,checking,18024.36,closed,2024-06-27
10090,362,checking,97018.49,frozen,2025-03-31
10091,218,business,73305.83,closed,2025-05-15
10092,528,business,61602.08,frozen,2024-11-25
10093,423,checking,18167.1,closed,2025-04-28
10094,418,business,61129.07,closed,2024-10-14
10095,319,checking,19330.93,frozen,2024-09-29
10096,889,checking,10575.09,closed,2024-09-16
10097,192,checking,14058.92,active,2025-03-14
10098,361,savings,54814.09,frozen,2024-08-25
10099,370,business,24614.65,closed,2024-09-05
10100,334,savings,80837.42,frozen,2025-04-22
10101,385,savings,10069.85,closed,2025-04-16
10102,503,checking,90458.76,closed,2024-12-10
10103,206,business,50311.75,frozen,2025-02-23
10104,25,business,5471.64,closed,2025-04-03
10105,43,savings,81789.04,frozen,2025-04-24
10106,90,savings,21076.01,active,2024-08-23
10107,549,savings,93552.83,frozen,2025-06-15
10108,28,savings,95549.86,active,2024-08-14
10109,694,business,3921.35,active,2025-01-03
10110,984,business,88700.98,active,2024-12-17
10111,630,checking,45285.38,active,2024-12-24
10112,115,business,67664.33,frozen,2024-12-24
10113,253,savings,81617.11,active,2024-09-18
10114,608,savings,48711.95,closed,2024-09-13
10115,291,savings,90777.53,active,2025-06-25
10116,465,checking,35465.22,closed,2024-07-25
10117,588,savings,91777.55,frozen,2024-12-03
10118,788,business,87843.51,active,2025-06-05
10119,811,savings,99030.65,active,2025-04-03
10120,209,checking,32517.33,frozen,2025-01-08
10121,684,savings,32851.82,active,2025-03-24
10122,89,business,10865.81,closed,2024-07-09
10123,686,business,14043.38,closed,2024-11-27
10124,308,business,67151.88,frozen,2024-11-29
10125,588,checking,86917.23,closed,2025-06-21
10126,599,business,33756.81,closed,2024-10-20
10127,157,savings,85479.97,active,2025-04-05
10128,301,checking,10516.92,closed,2024-12-28
10129,980,savings,6882.22,closed,2024-07-06
10130,571,savings,4496.94,active,2025-06-20
10131,373,checking,32023.92,closed,2025-05-03
10132,869,checking,67809.19,closed,2024-12-15
10133,683,savings,79224.8,frozen,2024-06-27
10134,504,checking,38959.26,closed,2024-09-14
10135,319,business,51302.32,active,2025-01-28
10136,788,savings,56001.21,closed,2024-11-13
10137,450,business,4161.27,closed,2024-07-16
10138,6,savings,99360.06,active,2024-09-26
10139,743,business,44762.27,active,2024-11-19
10140,226,savings,90693.0,closed,2025-05-01
10141,286,checking,43340.78,frozen,2024-07-09
10142,863,savings,17127.42,active,2024-11-03
10143,115,business,9469.14,frozen,2025-02-19
10144,294,checking,71973.56,frozen,2024-10-25
10145,870,checking,678.75,active,2024-08-30
10146,152,checking,82930.91,active,2025-02-23
10147,62,savings,33350.64,active,2025-01-07
10148,502,savings,-3689.84,closed,2025-05-01
10149,307,savings,44325.3,active,2024-10-22
10150,614,checking,38209.86,closed,2024-08-17
10151,910,business,68000.94,closed,2025-02-25
10152,228,savings,1300.08,frozen,2024-10-15
10153,66,business,73868.96,frozen,2024-07-28
10154,329,savings,36621.02,closed,2025-04-04
10155,931,business,69697.71,closed,2025-05-12
10156,648,checking,69482.05,closed,2024-07-10
10157,322,checking,97177.84,frozen,2025-03-01
10158,774,savings,73029.15,closed,2024-12-26
10159,115,savings,36190.55,frozen,2025-04-29
10160,159,business,44185.79,closed,2025-03-27
10161,830,checking,12306.56,closed,2024-10-19
10162,869,savings,23341.55,active,2025-04-04
10163,160,checking,58334.97,closed,2024-07-16
10164,58,savings,24631.73,frozen,2024-08-16
10165,219,savings,17250.54,active,2025-06-09
10166,634,savings,52927.59,frozen,2025-01-04
10167,67,savings,23262.64,frozen,2024-10-08
10168,92,business,98581.87,closed,2024-07-03
10169,94,savings,28030.93,closed,2025-03-15
10170,18,checking,73926.34,closed,2025-03-04
10171,434,savings,28019.61,closed,2025-05-29
10172,729,savings,68778.97,active,2024-12-11
10173,679,checking,89133.67,frozen,2024-12-26
10174,207,business,79786.9,active,2025-04-25
10175,49,business,78587.28,closed,2025-04-16
10176,77,checking,11928.42,frozen,2024-11-15
10177,949,savings,87946.41,active,2025-01-08
10178,475,savings,79784.98,frozen,2024-08-29
10179,289,business,11909.94,frozen,2024-12-09
10180,700,checking,77461.95,closed,2024-12-19
10181,596,checking,60464.43,closed,2024-12-06
10182,82,business,76288.38,closed,2024-08-18
10183,490,savings,99686.0,frozen,2024-11-17
10184,154,savings,54524.59,closed,2025-02-02
10185,200,savings,9975.36,closed,2025-06-20
10186,179,checking,4881.97,closed,2024-06-26
10187,348,checking,11954.61,closed,2025-05-18
10188,745,checking,4369.07,active,2025-06-20
10189,944,checking,98545.05,closed,2024-12-09
10190,906,business,92036.88,active,2025-05-14
10191,1000,savings,33164.57,closed,2024-08-27
10192,822,checking,84985.1,frozen,2024-07-01
10193,265,checking,33506.89,frozen,2025-05-19
10194,643,checking,3766.51,closed,2024-07-11
10195,79,checking,22596.88,frozen,2024-09-29
10196,88,business,97630.32,active,2025-03-27
10197,502,business,81229.68,active,2024-11-30
10198,317,savings,25519.36,active,2024-09-08
10199,818,savings,18420.39,closed,2025-05-04
10200,192,checking,43917.15,frozen,2025-01-09
10201,953,savings,4011.37,frozen,2025-03-10
10202,222,checking,75662.75,active,2024-11-11
10203,823,checking,1769.51,closed,2025-02-27
10204,996,savings,68740.54,closed,2025-05-20
10205,235,checking,42730.76,frozen,2025-04-30
10206,319,checking,10278.95,active,2025-05-06
10207,656,business,-1711.06,frozen,2024-11-29
10208,779,savings,93328.26,closed,2025-06-03
10209,881,checking,17409.19,active,2025-04-30
10210,47,business,39406.64,closed,2024-10-05
10211,361,savings,9882.48,closed,2024-12-02
10212,830,savings,26325.36,frozen,2025-04-05
10213,925,checking,50101.68,frozen,2024-07-23
10214,532,savings,82207.65,active,2024-10-13
10215,878,checking,96153.41,closed,2025-02-03
10216,337,savings,31674.01,closed,2024-12-16
10217,987,checking,51228.16,active,2024-10-07
10218,895,checking,90822.77,frozen,2024-10-26
10219,797,savings,53895.39,frozen,2025-02-12
10220,407,savings,70885.99,frozen,2024-12-31
10221,297,checking,64726.61,frozen,2025-03-03
10222,649,savings,10803.16,closed,2025-02-08
10223,303,checking,85751.64,active,2024-09-15
10224,833,checking,49672.63,active,2024-08-05
10225,923,savings,61600.77,frozen,2025-01-15
10226,200,savings,17955.39,active,2025-06-20
10227,861,business,52339.05,active,2024-09-18
10228,774,savings,31548.98,active,2025-02-08
10229,30,checking,80446.83,active,2025-03-24
10230,619,checking,47718.95,active,2025-04-21
10231,599,business,99900.06,closed,2025-02-02
10232,841,checking,31982.18,frozen,2025-03-16
10233,873,business,97277.37,closed,2024-12-31
10234,233,savings,43176.47,closed,2025-04-12
10235,363,business,57463.64,frozen,2025-02-04
10236,893,checking,24927.93,frozen,2025-05-17
10237,896,business,24741.08,frozen,2025-01-22
10238,204,savings,79623.68,active,2025-03-27
10239,184,business,-3275.22,closed,2024-10-11
10240,213,checking,73744.09,frozen,2025-05-19
10241,205,business,41630.85,frozen,2025-02-13
10242,67,business,25439.97,closed,2025-04-28
10243,434,savings,76572.43,frozen,2024-07-26
10244,781,savings,15533.83,closed,2024-10-04
10245,255,checking,96599.69,closed,2025-02-13
10246,846,business,68902.67,frozen,2025-06-15
10247,811,savings,93659.77,active,2025-03-27
10248,615,checking,23098.96,frozen,2025-01-08
10249,542,checking,83040.84,closed,2024-12-08
10250,495,savings,89519.66,closed,2024-07-09
10251,67,savings,-2244.08,closed,2025-02-09
10252,651,checking,12893.13,frozen,2025-04-09
10253,881,savings,53352.66,closed,2025-02-21
10254,395,business,62665.61,active,2025-06-06
10255,879,savings,93636.13,closed,2024-10-26
10256,356,checking,89937.99,frozen,2025-05-08
10257,325,checking,19251.8,frozen,2024-10-25
10258,259,business,7429.14,frozen,2024-07-01
10259,803,business,91249.86,frozen,2025-05-28
10260,326,checking,16395.07,active,2024-10-13
10261,53,checking,-3788.5,frozen,2025-02-12
10262,314,savings,59900.46,frozen,2025-03-25
10263,162,business,35152.51,frozen,2025-05-02
10264,268,checking,61618.63,closed,2025-03-10
10265,383,savings,63514.89,active,2024-09-14
10266,609,savings,51218.81,active,2024-08-20
10267,775,checking,64222.06,closed,2025-05-11
10268,170,savings,60880.99,frozen,2024-12-04
10269,212,savings,43208.41,frozen,2025-04-23
10270,252,savings,9892.72,closed,2025-05-30
10271,370,savings,3125.05,closed,2024-12-12
10272,426,checking,5570.53,active,2024-10-19
10273,848,savings,46084.32,frozen,2024-09-18
10274,157,savings,67170.32,closed,2024-08-14
10275,643,business,90371.75,active,2024-08-16
10276,369,checking,-3935.27,active,2025-04-11
10277,65,savings,97471.17,closed,2024-09-20
10278,992,business,57999.25,active,2025-02-10
10279,325,business,72878.17,active,2024-10-03
10280,395,business,-1896.7,active,2025-06-07
10281,454,savings,17712.19,closed,2024-11-20
10282,236,savings,-1902.75,active,2024-08-04
10283,451,savings,71413.11,active,2024-08-15
10284,549,checking,45565.36,active,2024-08-04
10285,714,business,52907.2,closed,2024-08-25
10286,957,business,79946.23,closed,2025-04-01
10287,996,checking,91846.55,closed,2025-01-24
10288,355,savings,67141.03,frozen,2025-02-08
10289,576,checking,5803.93,frozen,2025-03-26
10290,639,savings,78380.45,frozen,2025-06-23
10291,1000,checking,87700.02,closed,2025-06-02
10292,557,checking,60405.65,frozen,2025-01-19
10293,785,checking,15970.68,closed,2025-05-04
10294,766,business,81030.88,closed,2025-03-05
10295,343,savings,95600.23,closed,2024-07-24
10296,840,checking,58407.62,frozen,2025-03-09
10297,722,checking,-1856.31,active,2025-05-28
10298,661,checking,78044.12,closed,2025-06-14
10299,503,savings,17594.34,closed,2024-08-05
10300,762,savings,76849.03,active,2024-10-31
10301,20,checking,67270.7,frozen,2025-02-20
10302,674,savings,43864.55,closed,2024-10-15
10303,477,business,1954.69,closed,2025-01-30
10304,435,business,17833.66,frozen,2025-06-23
10305,570,business,58829.96,frozen,2024-11-04
10306,154,business,88729.72,closed,2024-09-22
10307,892,checking,80406.42,active,2024-10-01
10308,404,savings,79286.15,closed,2024-07-02
10309,96,checking,39229.91,active,2024-06-27
10310,928,savings,58150.22,frozen,2025-03-24
10311,785,savings,55523.45,closed,2024-07-24
10312,37,business,77247.09,frozen,2024-09-04
10313,10,checking,24858.41,closed,2025-03-19
10314,76,business,91393.62,active,2024-12-17
10315,691,business,-3291.41,closed,2024-12-12
10316,195,checking,70941.64,closed,2025-04-09
10317,650,checking,37036.16,frozen,2025-03-24
10318,642,checking,59293.67,closed,2025-06-17
10319,612,business,98316.52,closed,2025-06-01
10320,249,checking,93458.89,active,2024-08-28
10321,60,savings,22.6,active,2024-08-18
10322,285,savings,99321.74,frozen,2025-06-14
10323,893,savings,12870.1,active,2024-09-08
10324,756,business,98904.33,frozen,2025-05-09
10325,108,checking,87748.53,active,2025-02-10
10326,227,savings,94450.21,active,2025-01-18
10327,541,checking,67231.77,closed,2025-03-26
10328,553,business,12885.56,active,2025-06-16
10329,944,savings,8260.31,active,2024-10-22
10330,847,business,41911.87,active,2025-06-25
10331,493,business,45182.32,closed,2025-01-05
10332,575,checking,76127.62,closed,2024-10-20
10333,463,savings,22700.26,closed,2024-09-01
10334,170,checking,53644.1,active,2025-05-13
10335,422,business,3191.76,closed,2025-06-06
10336,124,savings,-3621.55,active,2025-06-21
10337,959,checking,14731.33,active,2025-02-28
10338,698,savings,80469.52,frozen,2024-08-27
10339,642,checking,69393.8,frozen,2024-11-05
10340,316,business,6094.35,active,2024-11-27
10341,449,checking,35485.45,closed,2025-03-30
10342,416,checking,14735.11,closed,2024-12-22
10343,867,savings,67057.93,frozen,2025-04-11
10344,210,savings,43400.18,active,2025-01-07
10345,226,savings,-3258.27,closed,2025-03-23
10346,384,checking,-1998.44,frozen,2025-01-02
10347,928,checking,22885.77,frozen,2024-07-20
10348,173,checking,40304.73,active,2025-05-21
10349,813,business,40239.08,closed,2025-01-11
10350,109,checking,23621.83,active,2025-04-22
10351,101,business,35164.87,closed,2025-01-06
10352,398,checking,14892.21,active,2025-01-16
10353,566,business,58782.05,frozen,2024-08-19
10354,888,savings,66521.86,frozen,2025-06-14
10355,510,savings,18055.88,active,2024-08-15
10356,74,business,22948.72,active,2024-09-13
10357,207,checking,18778.83,frozen,2024-12-17
10358,829,checking,36252.97,active,2025-01-16
10359,550,checking,16599.06,active,2025-03-02
10360,712,business,25239.22,frozen,2025-01-24
10361,590,business,-4673.78,active,2025-03-05
10362,911,business,60322.43,frozen,2024-12-30
10363,626,business,20055.05,closed,2024-07-18
10364,143,savings,14671.16,closed,2024-11-01
10365,291,savings,64933.29,closed,2025-03-08
10366,685,savings,13639.08,closed,2025-01-24
10367,158,savings,66316.31,active,2025-05-21
10368,722,checking,56231.68,closed,2024-10-16
10369,507,checking,6485.53,active,2024-07-22
10370,596,savings,50153.26,active,2024-11-23
10371,301,savings,5499.21,frozen,2025-01-14
10372,688,checking,46519.49,closed,2024-07-15
10373,528,business,46081.8,closed,2024-11-22
10374,940,savings,81913.7,closed,2025-03-23
10375,684,business,76325.26,frozen,2024-07-25
10376,992,savings,23343.43,frozen,2025-04-06
10377,43,savings,97756.93,active,2024-09-11
10378,291,checking,47272.38,active,2025-03-24
10379,883,checking,16662.29,active,2025-04-02
10380,397,checking,62067.04,closed,2024-10-03
10381,921,business,13369.99,frozen,2025-02-04
10382,715,checking,36057.75,closed,2025-03-02
10383,566,checking,15010.13,frozen,2024-11-16
10384,704,business,7910.93,closed,2024-11-28
10385,711,checking,6570.01,active,2024-10-22
10386,473,business,10448.76,frozen,2024-12-24
10387,308,business,96500.5,frozen,2025-04-12
10388,334,checking,46116.6,active,2025-02-04
10389,604,savings,42655.11,active,2025-02-13
10390,580,business,7960.76,closed,2025-01-20
10391,627,savings,40183.9,frozen,2025-05-29
10392,2,savings,21400.51,closed,2024-10-09
10393,581,business,64859.23,frozen,2024-11-25
10394,318,savings,69885.7,active,2024-07-05
10395,403,checking,56448.61,active,2025-04-14
10396,596,savings,-1625.65,closed,2025-03-16
10397,510,business,61889.69,closed,2024-10-30
10398,818,savings,88768.53,closed,2025-01-12
10399,637,savings,54210.3,frozen,2024-12-09
10400,661,business,9613.52,active,2025-03-19
10401,513,savings,38712.79,active,2024-12-15
10402,617,checking,3987.78,frozen,2025-02-23
10403,945,business,14254.08,closed,2024-10-08
10404,197,savings,50290.0,frozen,2025-02-01
10405,642,business,93162.38,frozen,2025-04-22
10406,733,checking,32190.35,closed,2025-05-01
10407,862,checking,43434.82,frozen,2024-11-23
10408,55,checking,4285.04,active,2024-09-08
10409,620,savings,55933.85,closed,2025-06-04
10410,261,business,52043.3,frozen,2025-03-16
10411,601,savings,74310.19,closed,2025-01-22
10412,258,checking,65358.32,closed,2024-09-27
10413,943,savings,3889.2,closed,2024-06-27
10414,220,checking,57405.67,closed,2025-05-24
10415,987,business,29787.3,active,2025-02-22
10416,249,business,56384.84,frozen,2025-05-25
10417,109,business,16531.77,active,2025-06-17
10418,972,savings,18472.08,frozen,2024-12-15
10419,317,checking,60965.14,frozen,2024-08-24
10420,14,checking,60484.71,active,2024-09-12
10421,235,savings,-4996.25,frozen,2024-11-26
10422,248,business,5170.68,active,2025-05-04
10423,213,checking,-2411.08,frozen,2024-08-11
10424,909,checking,843.58,active,2024-07-15
10425,615,checking,45790.55,active,2025-05-17
10426,482,business,22328.51,frozen,2025-01-22
10427,900,business,59801.64,closed,2024-07-19
10428,300,business,-2725.92,active,2025-02-03
10429,493,savings,48709.07,frozen,2025-06-02
10430,411,checking,45448.98,closed,2024-08-19
10431,205,business,46761.23,frozen,2024-12-05
10432,564,checking,35511.18,active,2024-07-28
10433,951,checking,80416.83,active,2024-11-22
10434,58,checking,42993.64,frozen,2024-11-28
10435,798,savings,55956.5,active,2024-08-16
10436,911,savings,90351.38,closed,2024-06-28
10437,286,checking,87654.54,closed,2024-08-03
10438,568,savings,98084.14,closed,2024-12-05
10439,120,business,17131.91,frozen,2024-10-29
10440,800,business,1590.41,frozen,2024-11-11
10441,311,checking,63873.01,frozen,2025-06-10
10442,695,checking,70094.14,active,2024-10-27
10443,571,business,26807.64,closed,2025-04-06
10444,140,business,45793.19,closed,2024-12-17
10445,370,business,69392.52,frozen,2025-03-18
10446,531,savings,68265.71,frozen,2025-01-08
10447,713,business,59834.88,closed,2024-11-30
10448,139,savings,-1900.21,frozen,2024-10-11
10449,326,savings,5136.75,active,2024-11-01
10450,599,business,45023.37,active,2025-01-05
10451,485,savings,89478.4,active,2025-03-11
10452,787,checking,91849.46,active,2025-06-20
10453,513,savings,-1071.08,frozen,2025-01-15
10454,150,checking,75151.95,frozen,2024-11-27
10455,61,savings,28721.72,frozen,2024-10-29
10456,921,checking,8987.75,frozen,2024-10-31
10457,410,savings,21511.97,closed,2025-04-13
10458,586,savings,16125.24,active,2025-04-16
10459,889,business,79910.58,active,2024-11-12
10460,177,business,-2454.48,frozen,2025-06-06
10461,198,savings,-1509.88,active,2025-01-03
10462,11,checking,76310.5,frozen,2024-11-09
10463,148,checking,14456.96,frozen,2024-08-03
10464,105,savings,82402.31,frozen,2024-08-31
10465,971,business,31971.14,frozen,2024-10-02
10466,283,savings,41082.2,frozen,2024-12-25
10467,771,savings,54761.0,active,2024-12-10
10468,611,savings,7382.39,active,2024-10-10
10469,106,business,51756.49,active,2024-06-28
10470,459,checking,91838.7,closed,2024-06-28
10471,800,business,32580.05,active,2024-07-16
10472,590,savings,51114.5,active,2024-11-23
10473,434,checking,36918.06,active,2025-01-15
10474,228,business,44452.76,closed,2024-12-16
10475,62,savings,30494.75,closed,2024-11-04
10476,411,checking,88242.94,active,2025-01-14
10477,286,savings,52444.17,frozen,2025-04-27
10478,676,business,90793.55,active,2025-05-06
10479,483,checking,2655.75,frozen,2024-12-04
10480,73,checking,98010.88,closed,2025-05-05
10481,166,business,45271.01,active,2025-01-18
10482,555,business,-617.2,active,2025-05-24
10483,7,business,18650.73,closed,2024-08-16
10484,884,checking,26858.93,active,2024-10-17
10485,44,savings,-2232.85,active,2025-03-18
10486,777,business,66777.48,active,2024-07-18
10487,988,savings,35648.1,closed,2024-11-11
10488,257,checking,68640.47,frozen,2024-07-23
10489,283,savings,40985.05,frozen,2024-12-04
10490,754,checking,15332.79,closed,2024-11-21
10491,119,savings,19363.51,frozen,2024-11-10
10492,21,savings,38371.88,frozen,2024-10-03
10493,94,savings,86691.86,active,2024-10-30
10494,117,savings,948.73,closed,2024-08-06
10495,370,checking,-409.46,closed,2024-08-24
10496,501,checking,8620.21,closed,2024-09-02
10497,981,business,7849.52,active,2025-06-07
10498,157,checking,93528.86,active,2024-10-03
10499,346,business,72197.96,closed,2025-05-26
10500,452,checking,69879.06,closed,2024-10-21
10501,600,business,20641.61,closed,2024-10-04
10502,654,business,51849.01,active,2024-07-22
10503,111,checking,89544.66,frozen,2025-04-20
10504,996,checking,3236.84,active,2025-01-10
10505,473,checking,72900.41,active,2025-02-09
10506,252,checking,71115.63,active,2025-02-18
10507,74,savings,68325.9,frozen,2024-12-26
10508,930,savings,-2764.59,active,2025-06-23
10509,554,checking,56765.22,closed,2024-10-18
10510,174,savings,24304.71,frozen,2024-06-27
10511,787,checking,-3020.91,closed,2024-08-20
10512,788,checking,-336.37,active,2025-05-03
10513,777,savings,64292.2,frozen,2025-05-21
10514,108,business,27040.55,frozen,2025-05-15
10515,713,savings,90555.67,closed,2024-09-12
10516,538,business,17737.14,active,2024-09-12
10517,699,business,82070.14,closed,2025-01-17
10518,876,business,92499.48,active,2024-11-30
10519,224,business,35751.61,frozen,2025-06-15
10520,589,business,43667.77,frozen,2025-01-19
10521,533,savings,95832.03,closed,2024-12-08
10522,488,savings,90309.82,closed,2024-07-02
10523,562,savings,99874.64,frozen,2025-01-11
10524,606,checking,54963.68,active,2025-04-23
10525,562,checking,23218.47,closed,2024-09-24
10526,26,savings,27223.99,frozen,2025-05-16
10527,658,checking,83997.23,closed,2024-10-27
10528,948,savings,41190.47,closed,2025-05-10
10529,76,checking,45421.83,frozen,2024-12-25
10530,447,checking,1151.41,active,2025-05-28
10531,567,business,52902.03,active,2024-07-12
10532,903,savings,22090.73,closed,2025-04-05
10533,532,checking,8358.36,frozen,2024-07-20
10534,358,savings,86480.11,frozen,2024-12-18
10535,102,savings,7016.89,active,2024-07-03
10536,378,business,48205.51,closed,2024-09-29
10537,650,savings,53107.81,active,2024-12-01
10538,125,business,99156.97,closed,2024-09-09
10539,34,business,83717.74,closed,2024-07-13
10540,92,business,19643.17,active,2025-06-03
10541,159,business,41600.33,frozen,2025-02-22
10542,159,savings,16424.4,frozen,2024-10-19
10543,761,business,38676.82,frozen,2025-05-06
10544,874,checking,10023.35,closed,2025-06-24
10545,738,checking,97385.38,frozen,2024-10-07
10546,768,checking,93960.35,closed,2024-08-24
10547,64,savings,33671.7,closed,2025-06-16
10548,308,business,-2318.79,frozen,2024-09-16
10549,434,checking,48633.59,frozen,2025-01-11
10550,873,business,69848.23,active,2025-03-02
10551,776,business,-1577.05,frozen,2024-12-02
10552,308,checking,75074.24,frozen,2024-07-19
10553,161,savings,95655.64,active,2024-09-01
10554,719,business,61184.06,frozen,2024-07-13
10555,857,business,71969.79,frozen,2025-05-01
10556,106,business,44594.56,frozen,2025-03-22
10557,904,checking,23264.19,frozen,2024-11-02
10558,601,savings,29511.87,closed,2025-04-06
10559,473,checking,28055.72,active,2024-07-14
10560,494,checking,71943.82,closed,2025-01-21
10561,742,savings,31958.38,frozen,2025-02-18
10562,157,checking,63599.64,frozen,2025-04-07
10563,472,checking,77561.93,active,2025-01-19
10564,257,business,20719.11,closed,2024-09-20
10565,283,business,22329.29,closed,2024-07-07
10566,700,checking,7386.22,closed,2025-02-17
10567,863,business,98241.01,frozen,2025-04-23
10568,969,business,87551.33,active,2025-05-30
10569,369,checking,-3371.21,active,2024-10-11
10570,858,checking,75378.5,frozen,2025-04-11
10571,963,business,5604.51,active,2024-07-22
10572,884,savings,67454.89,active,2024-09-16
10573,272,business,86022.4,closed,2024-10-08
10574,865,checking,8382.56,frozen,2025-03-12
10575,495,business,25806.15,closed,2025-02-05
10576,690,business,58919.53,active,2024-06-30
10577,93,savings,72568.58,closed,2025-02-07
10578,920,checking,61237.36,frozen,2025-04-21
10579,893,checking,74554.31,frozen,2024-12-11
10580,276,business,14262.33,frozen,2025-02-28
10581,102,savings,10986.92,active,2024-07-21
10582,758,business,63187.5,closed,2025-05-11
10583,657,checking,13555.84,frozen,2025-02-16
10584,573,savings,19387.67,closed,2024-12-27
10585,699,savings,54233.79,frozen,2025-02-12
10586,873,checking,24952.01,closed,2024-12-31
10587,653,savings,95118.94,active,2025-05-29
10588,432,checking,49509.17,frozen,2025-05-20
10589,644,savings,31471.29,active,2025-06-18
10590,243,checking,23754.09,closed,2025-05-10
10591,459,savings,25290.28,closed,2025-06-08
10592,218,savings,64975.53,active,2025-02-04
10593,197,savings,52977.16,frozen,2025-06-01
10594,346,savings,57831.11,active,2025-01-01
10595,400,savings,46278.42,active,2024-08-17
10596,757,savings,24592.94,frozen,2025-05-18
10597,874,business,41706.59,active,2024-10-09
10598,930,checking,91389.5,frozen,2024-11-03
10599,246,checking,88332.37,closed,2024-08-24
10600,539,savings,85772.79,closed,2025-01-27
10601,239,checking,79382.31,frozen,2024-10-08
10602,456,business,2806.78,active,2024-08-07
10603,645,checking,23991.34,frozen,2024-09-15
10604,2000,business,76589.78,frozen,2024-11-13
10605,645,savings,40504.65,frozen,2024-11-24
10606,651,savings,83350.26,frozen,2025-02-17
10607,73,business,60864.93,active,2024-10-08
10608,281,business,34501.95,active,2025-01-16
10609,401,checking,44362.12,closed,2024-07-01
10610,384,business,47156.27,active,2024-10-20
10611,407,business,86965.71,frozen,2024-10-27
10612,439,savings,40603.47,closed,2025-06-16
10613,428,business,13702.08,closed,2024-07-12
10614,539,business,34930.47,frozen,2024-12-23
10615,481,business,31613.9,frozen,2024-09-13
10616,369,checking,83272.64,closed,2024-11-10
10617,994,checking,78658.35,closed,2025-04-14
10618,732,business,45500.7,active,2025-04-21
10619,449,savings,96106.49,closed,2024-11-19
10620,860,checking,29166.69,frozen,2025-04-13
10621,871,savings,13500.42,closed,2025-03-21
10622,233,checking,68181.7,frozen,2025-01-03
10623,263,checking,83212.69,closed,2024-10-20
10624,844,business,19660.3,closed,2025-01-09
10625,549,business,17586.15,closed,2024-07-01
10626,125,business,76038.86,closed,2025-02-03
10627,651,checking,36094.73,closed,2024-10-29
10628,871,checking,22373.44,active,2025-01-05
10629,550,checking,71459.62,closed,2025-03-01
10630,94,checking,42001.82,active,2025-03-01
10631,342,business,16651.09,frozen,2024-09-20
10632,226,business,59128.9,active,2025-02-03
10633,41,business,-2782.64,closed,2024-10-01
10634,185,business,29995.25,closed,2025-03-15
10635,130,business,167.6,active,2024-07-03
10636,742,business,15836.18,active,2025-06-05
10637,811,business,19080.12,active,2024-11-03
10638,766,checking,38406.5,frozen,2025-02-07
10639,510,savings,-1212.13,active,2025-05-13
10640,210,business,36783.43,closed,2025-02-24
10641,87,savings,24724.42,active,2025-04-17
10642,472,business,76103.22,active,2025-01-25
10643,70,checking,73741.12,closed,2024-07-13
10644,821,savings,80921.07,closed,2024-08-19
10645,174,savings,2758.48,frozen,2025-03-08
10646,851,savings,-3452.11,frozen,2024-12-10
10647,311,savings,72266.71,closed,2024-06-26
10648,398,business,85226.82,closed,2024-08-30
10649,871,business,73065.75,closed,2025-03-31
10650,562,checking,16280.0,closed,2025-02-20
10651,966,checking,25580.06,active,2024-10-01
10652,456,checking,53904.61,closed,2024-10-08
10653,583,business,50986.41,active,2024-08-22
10654,784,savings,99281.17,frozen,2025-03-05
10655,807,checking,75083.54,frozen,2025-05-30
10656,222,checking,18526.39,active,2025-05-06
10657,814,savings,41943.96,closed,2025-05-24
10658,224,business,27614.03,active,2024-07-13
10659,172,savings,53892.97,active,2025-05-03
10660,369,business,21246.75,active,2024-09-24
10661,826,business,82997.39,frozen,2024-07-30
10662,477,savings,75577.89,closed,2024-11-10
10663,844,checking,72753.67,active,2025-06-14
10664,75,checking,67344.75,frozen,2025-01-18
10665,833,savings,23155.21,active,2025-02-14
10666,508,business,47480.62,frozen,2025-04-18
10667,483,checking,43444.06,closed,2024-08-19
10668,167,savings,39698.71,active,2024-11-01
10669,770,savings,74473.1,active,2025-01-14
10670,249,savings,15723.6,active,2024-10-12
10671,80,checking,46994.38,frozen,2025-02-18
10672,998,savings,73644.31,frozen,2025-05-18
10673,857,checking,-4027.85,active,2025-05-30
10674,892,checking,70594.01,frozen,2024-07-02
10675,556,business,28850.54,closed,2024-12-25
10676,340,savings,25470.66,frozen,2024-09-08
10677,419,business,94959.51,closed,2025-05-19
10678,515,checking,43602.42,closed,2024-10-25
10679,278,savings,50059.74,closed,2024-08-24
10680,21,checking,38711.81,active,2024-07-11
10681,964,savings,99297.58,active,2024-09-22
10682,639,business,14705.81,frozen,2024-08-02
10683,193,business,43152.33,active,2025-01-30
10684,126,business,44212.88,active,2025-04-10
10685,137,checking,61816.07,active,2024-12-13
10686,707,business,-3516.4,active,2025-03-11
10687,563,checking,81179.22,closed,2024-12-21
10688,627,checking,60572.6,closed,2024-12-25
10689,522,business,51806.78,frozen,2024-10-14
10690,415,savings,57227.11,active,2025-01-18
10691,444,checking,13724.15,frozen,2024-12-12
10692,210,savings,78672.87,frozen,2024-12-21
10693,785,checking,55443.85,frozen,2024-11-13
10694,568,business,86490.34,frozen,2025-02-17
10695,970,savings,12650.44,active,2024-11-14
10696,444,savings,92602.45,frozen,2024-08-09
10697,301,savings,12305.93,active,2025-03-07
10698,663,savings,89075.1,active,2024-10-23
10699,281,business,79759.61,closed,2024-07-21
10700,967,checking,26768.62,active,2025-01-11
10701,494,business,36290.9,closed,2025-06-10
10702,972,checking,27734.99,frozen,2024-12-08
10703,650,business,3210.96,frozen,2025-04-08
10704,439,savings,94276.44,closed,2024-10-07
10705,293,checking,53851.02,closed,2025-06-14
10706,514,business,7625.18,closed,2025-03-19
10707,714,savings,-2343.97,closed,2025-01-14
10708,955,business,31329.11,closed,2025-04-02
10709,438,business,53778.37,active,2024-08-26
10710,784,checking,13795.59,frozen,2024-09-12
10711,22,savings,41418.46,frozen,2024-06-27
10712,400,savings,56549.78,closed,2025-01-06
10713,193,checking,91159.75,frozen,2025-01-14
10714,27,business,23667.92,frozen,2025-04-15
10715,564,business,45267.16,active,2025-04-03
10716,519,checking,60653.39,frozen,2024-08-15
10717,63,business,92395.36,frozen,2025-05-17
10718,931,checking,13245.95,frozen,2025-02-16
10719,213,savings,33801.06,frozen,2024-10-28
10720,314,business,72300.6,active,2025-04-27
10721,170,checking,82576.77,active,2025-03-02
10722,115,checking,61935.21,active,2025-01-13
10723,644,savings,85078.48,closed,2025-05-31
10724,398,business,59470.4,active,2024-11-26
10725,682,business,84064.15,closed,2025-03-23
10726,347,business,70824.23,closed,2025-01-11
10727,30,business,37333.17,frozen,2025-05-05
10728,126,savings,15258.69,frozen,2025-06-25
10729,303,business,22996.77,active,2024-10-11
10730,909,savings,23930.17,active,2024-08-06
10731,275,checking,13161.66,frozen,2025-02-02
10732,7,checking,23745.13,closed,2024-12-06
10733,242,checking,43956.49,frozen,2024-08-26
10734,177,business,92678.65,active,2024-09-29
10735,239,savings,14162.6,active,2025-03-04
10736,381,checking,57070.6,active,2025-04-19
10737,347,savings,17840.21,closed,2024-09-19
10738,943,savings,87105.83,active,2024-08-30
10739,631,business,62443.33,active,2025-06-07
10740,272,checking,600.21,frozen,2024-12-09
10741,588,savings,24291.16,frozen,2024-07-08
10742,647,checking,18725.84,active,2025-04-08
10743,559,savings,13596.77,closed,2025-03-02
10744,532,business,41157.82,active,2024-11-13
10745,369,checking,55763.1,closed,2025-04-02
10746,921,business,67139.19,active,2025-01-25
10747,76,business,35496.47,frozen,2024-11-19
10748,432,business,40554.61,frozen,2025-03-31
10749,592,savings,30929.02,frozen,2025-02-22
10750,551,savings,48893.61,active,2025-04-15
10751,529,savings,44107.26,active,2024-10-12
10752,237,business,64124.88,active,2024-08-29
10753,974,savings,44060.92,closed,2024-12-21
10754,763,business,34680.57,frozen,2024-12-06
10755,70,checking,68635.27,frozen,2025-05-17
10756,735,savings,11668.8,closed,2024-12-29
10757,686,checking,63027.54,active,2024-10-17
10758,384,checking,27158.94,closed,2025-06-21
10759,382,savings,41095.91,frozen,2025-01-12
10760,935,business,55476.35,closed,2024-09-15
10761,818,checking,82580.12,closed,2024-08-03
10762,765,business,30477.22,frozen,2025-05-21
10763,822,checking,-786.46,active,2024-12-15
10764,645,savings,39203.53,closed,2024-09-08
10765,821,business,-2001.71,frozen,2025-03-24
10766,341,checking,88092.5,frozen,2024-06-26
10767,407,business,73944.26,active,2024-11-22
10768,683,savings,96884.14,closed,2024-11-29
10769,290,checking,43164.92,active,2024-09-04
10770,944,savings,64153.9,active,2025-05-19
10771,353,checking,27290.31,active,2025-02-10
10772,484,savings,40837.63,frozen,2024-09-16
10773,502,savings,66894.93,closed,2025-03-08
10774,11,checking,11729.63,active,2025-03-02
10775,965,business,67112.58,frozen,2025-06-16
10776,436,checking,65185.87,closed,2025-03-17
10777,498,savings,35695.26,closed,2024-07-29
10778,274,checking,76192.35,closed,2024-11-17
10779,870,business,36354.29,active,2024-07-31
10780,711,checking,65337.05,frozen,2025-05-07
10781,56,savings,87986.75,active,2025-01-17
10782,482,checking,33039.45,frozen,2025-06-19
10783,4,business,57912.87,closed,2025-06-08
10784,159,business,19157.71,closed,2025-05-02
10785,385,savings,17179.4,closed,2025-04-18
10786,191,checking,35326.99,active,2024-07-31
10787,872,savings,24921.23,closed,2024-12-25
10788,985,savings,22407.05,closed,2025-01-22
10789,368,savings,36812.69,frozen,2025-01-06
10790,218,checking,79654.04,closed,2024-08-23
10791,208,business,85558.98,active,2024-10-18
10792,330,checking,8517.65,frozen,2025-04-24
10793,787,business,42742.67,closed,2024-08-21
10794,823,checking,75992.76,closed,2025-06-05
10795,871,checking,72916.83,active,2024-11-21
10796,923,business,34146.66,closed,2025-05-11
10797,687,business,97035.88,active,2024-11-13
10798,367,checking,50829.72,closed,2025-05-11
10799,164,savings,-4269.54,frozen,2024-11-04
10800,529,savings,49064.11,frozen,2025-01-30
10801,932,checking,97.08,closed,2024-10-25
10802,82,savings,86129.16,closed,2024-12-03
10803,752,savings,88362.42,frozen,2025-02-22
10804,757,checking,39698.77,frozen,2025-01-25
10805,607,savings,51988.59,active,2025-02-11
10806,601,checking,38791.32,closed,2025-05-16
10807,665,checking,61778.18,frozen,2024-07-05
10808,229,checking,71849.95,frozen,2025-06-23
10809,812,savings,13399.53,frozen,2024-12-06
10810,194,savings,71312.68,frozen,2025-06-21
10811,447,checking,88735.25,closed,2024-08-24
10812,939,business,59810.32,frozen,2024-09-25
10813,939,savings,3036.3,closed,2024-08-16
10814,79,savings,58982.12,frozen,2024-12-21
10815,208,checking,48826.39,frozen,2025-04-03
10816,162,checking,92381.26,frozen,2024-08-21
10817,619,checking,37077.66,active,2024-09-19
10818,527,business,63554.02,active,2025-03-06
10819,888,savings,78332.7,frozen,2024-12-26
10820,535,checking,59636.05,frozen,2024-08-11
10821,500,business,78890.18,closed,2024-12-17
10822,969,savings,74875.5,closed,2025-02-23
10823,563,business,67330.64,active,2025-01-07
10824,567,business,65501.16,frozen,2025-02-05
10825,817,savings,66211.87,closed,2024-07-06
10826,11,checking,16749.32,closed,2024-08-23
10827,266,checking,23040.59,frozen,2025-06-04
10828,652,savings,18238.99,active,2024-08-31
10829,665,savings,1690.86,closed,2024-09-22
10830,944,business,39180.3,frozen,2024-12-26
10831,674,business,35849.15,frozen,2025-03-16
10832,26,checking,30762.58,closed,2025-05-13
10833,911,savings,43504.49,frozen,2025-02-03
10834,473,savings,50885.24,active,2024-07-17
10835,799,checking,37308.51,frozen,2024-07-09
10836,161,business,46086.54,closed,2025-03-28
10837,171,savings,73541.14,frozen,2025-05-07
10838,757,checking,25641.42,closed,2025-05-01
10839,925,business,44074.91,active,2025-04-18
10840,342,business,31920.77,closed,2024-12-09
10841,851,savings,73895.78,closed,2024-10-26
10842,930,savings,34404.86,frozen,2025-05-11
10843,270,checking,58747.78,active,2024-10-09
10844,199,checking,17922.06,active,2025-05-31
10845,593,savings,85813.8,frozen,2025-05-02
10846,822,business,37894.2,active,2025-03-30
10847,857,business,24282.37,closed,2025-01-22
10848,217,business,87899.58,frozen,2025-02-24
10849,651,business,51240.84,closed,2025-02-28
10850,462,checking,46957.49,closed,2024-12-16
10851,587,checking,11481.62,active,2024-07-17
10852,820,checking,-4649.58,closed,2025-03-13
10853,951,business,13088.42,active,2025-06-06
10854,786,business,63575.95,closed,2025-01-26
10855,841,savings,61823.77,frozen,2024-10-12
10856,460,savings,59019.14,frozen,2025-05-06
10857,165,business,54911.39,closed,2024-12-23
10858,47,checking,59030.31,active,2024-12-16
10859,967,business,4551.48,closed,2025-02-06
10860,47,business,58140.97,frozen,2024-10-29
10861,798,business,48690.22,active,2025-03-26
10862,331,checking,33751.75,active,2024-10-04
10863,359,checking,93399.79,active,2024-07-23
10864,661,savings,25763.1,active,2025-02-24
10865,424,business,43423.86,active,2025-04-29
10866,909,savings,78659.12,closed,2024-12-15
10867,434,business,6671.52,frozen,2024-12-06
10868,679,savings,20710.66,frozen,2025-01-04
10869,144,savings,73603.9,frozen,2024-10-25
10870,833,business,99531.13,closed,2024-10-25
10871,145,checking,95545.36,frozen,2024-09-12
10872,248,business,76542.64,frozen,2025-02-11
10873,49,checking,45484.79,frozen,2025-01-15
10874,123,checking,80224.55,frozen,2024-07-26
10875,82,checking,36940.09,frozen,2025-05-09
10876,902,checking,77679.47,active,2025-06-02
10877,299,checking,74583.74,frozen,2025-05-27
10878,229,business,12740.11,closed,2025-01-23
10879,696,savings,90862.33,closed,2025-01-22
10880,431,checking,5198.2,frozen,2025-02-23
10881,152,checking,89415.51,closed,2025-03-19
10882,502,checking,30956.5,frozen,2024-07-11
10883,911,checking,77674.26,frozen,2025-05-19
10884,529,business,23906.39,active,2024-12-18
10885,287,savings,49786.83,active,2025-04-12
10886,453,checking,54171.64,frozen,2024-09-15
10887,597,checking,94203.15,active,2024-12-22
10888,625,checking,69873.28,frozen,2025-01-11
10889,604,savings,73091.98,frozen,2024-07-21
10890,264,savings,58782.19,closed,2024-11-09
10891,527,business,18931.39,active,2025-02-07
10892,621,savings,56344.65,closed,2024-07-21
10893,746,business,48402.11,frozen,2024-10-28
10894,832,checking,59938.3,active,2025-01-03
10895,705,business,11367.07,frozen,2025-02-14
10896,644,business,34308.07,closed,2024-07-18
10897,347,business,45615.51,closed,2025-01-28
10898,778,savings,65218.21,active,2025-02-06
10899,702,savings,27477.37,active,2024-10-21
10900,308,checking,58907.33,frozen,2024-11-16
10901,245,business,15678.93,closed,2025-01-10
10902,941,business,90833.76,active,2025-02-17
10903,468,business,16265.65,frozen,2025-04-17
10904,68,checking,60772.21,closed,2025-03-29
10905,615,savings,23504.72,frozen,2025-02-24
10906,163,savings,41896.45,frozen,2024-11-24
10907,508,savings,21887.57,frozen,2024-08-30
10908,375,business,93315.01,active,2024-11-30
10909,468,business,70324.93,active,2025-05-13
10910,83,business,22905.15,closed,2025-01-25
10911,188,business,14951.49,active,2024-09-15
10912,272,business,26789.89,active,2025-01-08
10913,467,savings,56496.13,frozen,2024-10-06
10914,978,checking,5318.37,active,2025-01-25
10915,654,business,2670.73,closed,2025-01-10
10916,239,checking,3755.55,active,2024-12-15
10917,205,business,56884.47,frozen,2024-12-02
10918,998,checking,54779.57,frozen,2024-09-13
10919,881,savings,70598.05,closed,2025-01-15
10920,399,business,79605.42,frozen,2024-07-04
10921,935,savings,21433.52,closed,2025-05-26
10922,555,checking,61268.46,closed,2024-08-25
10923,645,checking,48991.02,frozen,2024-07-02
10924,614,checking,86062.4,active,2025-03-19
10925,699,checking,66173.47,frozen,2024-12-29
10926,633,business,41204.6,active,2024-11-27
10927,999,savings,28516.79,frozen,2024-07-26
10928,964,checking,12128.74,active,2024-08-23
10929,885,business,26987.3,closed,2024-09-26
10930,702,business,67130.69,active,2025-02-11
10931,397,savings,75099.53,active,2024-11-28
10932,630,business,27065.3,frozen,2025-03-17
10933,967,savings,66898.36,frozen,2024-08-07
10934,431,business,65548.16,closed,2024-09-04
10935,321,savings,75471.73,active,2024-08-09
10936,324,business,64572.03,closed,2025-06-24
10937,971,business,57499.11,closed,2025-02-26
10938,552,savings,92948.57,closed,2025-04-27
10939,622,checking,10223.59,closed,2025-03-12
10940,725,business,28111.4,closed,2025-02-15
10941,872,business,36321.93,closed,2024-07-06
10942,12,checking,807.28,closed,2025-02-26
10943,725,business,79563.93,closed,2025-05-22
10944,562,savings,80945.97,active,2024-11-02
10945,428,business,70250.63,closed,2025-04-08
10946,765,savings,28793.81,closed,2024-07-30
10947,668,business,53797.09,active,2025-01-24
10948,441,business,47809.06,closed,2025-06-02
10949,219,savings,20529.47,closed,2025-05-05
10950,983,business,57258.73,active,2025-01-24
10951,799,business,95771.83,frozen,2024-08-03
10952,998,savings,24414.97,frozen,2024-08-25
10953,769,savings,5651.19,frozen,2025-06-21
10954,702,checking,51479.05,closed,2025-02-01
10955,583,savings,44543.29,frozen,2025-03-04
10956,152,checking,97603.77,frozen,2025-04-28
10957,848,savings,86764.81,frozen,2025-01-21
10958,613,business,15999.4,active,2025-01-15
10959,898,savings,29423.42,frozen,2025-03-02
10960,534,business,50757.89,closed,2024-11-23
10961,45,savings,76070.58,active,2025-05-21
10962,643,checking,90035.87,closed,2025-03-07
10963,440,savings,28733.05,active,2025-04-26
10964,944,checking,29966.27,frozen,2025-04-18
10965,531,checking,58379.77,active,2024-08-03
10966,288,savings,62435.22,closed,2025-01-10
10967,812,checking,78800.18,frozen,2025-04-19
10968,124,business,34214.81,frozen,2024-08-16
10969,896,savings,95777.77,closed,2025-05-08
10970,811,checking,55355.62,frozen,2025-05-05
10971,138,business,2933.02,active,2024-07-06
10972,231,business,11613.51,frozen,2025-03-04
10973,180,business,91862.17,frozen,2025-05-13
10974,391,savings,75547.1,closed,2025-01-01
10975,568,checking,42385.3,frozen,2024-06-28
10976,312,business,29695.09,active,2025-06-16
10977,696,checking,50409.97,frozen,2024-11-29
10978,886,savings,37153.94,closed,2024-11-23
10979,14,business,81963.38,active,2025-03-30
10980,18,savings,28850.35,active,2025-04-17
10981,531,savings,56359.53,closed,2025-05-22
10982,938,business,64867.2,frozen,2025-02-12
10983,727,business,86060.53,active,2024-07-10
10984,387,savings,16645.14,active,2025-05-31
10985,207,savings,51009.32,active,2024-08-10
10986,261,business,31594.56,active,2024-07-14
10987,671,checking,92488.88,frozen,2024-12-19
10988,428,savings,26807.6,closed,2025-02-08
10989,556,savings,93311.74,active,2024-08-16
10990,728,savings,9417.78,closed,2024-09-19
10991,253,checking,-2330.49,frozen,2024-12-29
10992,428,checking,167.5,closed,2025-04-24
10993,818,savings,16591.39,closed,2024-08-21
10994,256,savings,96770.6,frozen,2025-02-09
10995,250,savings,74443.67,active,2025-01-27
10996,819,business,58509.08,frozen,2024-08-20
10997,649,checking,15053.02,active,2024-11-23
10998,645,checking,45187.79,frozen,2025-01-26
10999,230,checking,-3304.73,closed,2025-02-16
11000,861,checking,95964.72,active,2025-06-07
11001,727,checking,94301.84,active,2024-09-23
11002,890,business,26572.92,frozen,2024-09-20
11003,173,business,62576.11,closed,2024-10-10
11004,966,savings,94887.46,closed,2025-06-12
11005,663,savings,9777.26,active,2025-03-27
11006,364,business,-4026.24,frozen,2025-01-10
11007,319,savings,67982.37,active,2025-03-10
11008,126,business,79249.93,frozen,2025-06-22
11009,601,checking,59843.28,active,2025-05-21
11010,859,savings,13336.94,frozen,2024-12-12
11011,311,business,79988.85,frozen,2025-03-09
11012,372,checking,87303.13,active,2024-10-21
11013,333,savings,47243.32,closed,2025-02-16
11014,827,business,34184.33,closed,2025-06-11
11015,658,savings,77243.23,closed,2024-12-19
11016,59,checking,-1406.61,active,2025-06-18
11017,835,savings,51644.87,frozen,2024-07-13
11018,348,savings,5512.1,closed,2024-09-28
11019,457,savings,39087.7,active,2025-03-30
11020,231,checking,43765.5,closed,2024-10-26
11021,902,savings,84976.15,frozen,2024-07-13
11022,2,checking,45005.56,closed,2024-12-06
11023,263,checking,63919.3,closed,2025-01-02
11024,198,checking,46744.18,frozen,2024-10-31
11025,402,savings,18027.67,active,2024-12-21
11026,293,savings,64217.04,frozen,2025-01-10
11027,195,business,37403.05,frozen,2025-02-19
11028,216,savings,18753.46,active,2024-12-03
11029,617,checking,69598.35,closed,2025-05-26
11030,547,savings,29434.12,closed,2025-01-13
11031,298,business,72323.08,active,2025-04-26
11032,789,business,41.94,active,2025-04-05
11033,374,savings,10010.22,active,2025-05-27
11034,488,savings,36660.18,active,2024-09-21
11035,985,checking,85056.45,active,2024-09-08
11036,831,checking,99233.37,closed,2024-11-04
11037,539,business,41185.61,frozen,2024-11-10
11038,573,business,75693.66,closed,2025-03-21
11039,691,savings,21804.86,closed,2024-12-16
11040,935,business,5132.86,closed,2024-07-01
11041,539,savings,77105.2,closed,2025-05-02
11042,53,business,8253.96,active,2025-01-01
11043,937,savings,7629.16,frozen,2024-12-14
11044,606,savings,86697.21,closed,2024-09-25
11045,927,checking,53096.35,active,2025-04-09
11046,495,savings,36743.6,frozen,2024-08-04
11047,400,savings,83201.35,active,2025-04-19
11048,35,savings,72008.29,closed,2024-08-31
11049,311,business,85292.25,frozen,2025-05-18
11050,97,business,33078.9,active,2025-05-04
11051,342,checking,11668.73,frozen,2025-03-08
11052,340,business,61602.83,frozen,2025-06-10
11053,464,business,10965.36,frozen,2025-06-02
11054,869,savings,24234.24,closed,2024-09-18
11055,608,checking,89600.45,closed,2024-08-03
11056,976,checking,28801.73,frozen,2024-10-29
11057,615,savings,2861.4,frozen,2024-10-31
11058,639,savings,91920.48,frozen,2024-11-05
11059,137,savings,74292.8,active,2025-02-26
11060,295,checking,81356.33,active,2024-07-12
11061,802,savings,62838.89,closed,2025-03-17
11062,397,savings,82604.55,active,2025-05-19
11063,464,checking,9746.24,closed,2025-04-20
11064,253,business,72663.77,frozen,2024-10-27
11065,311,savings,41555.04,frozen,2024-12-13
11066,565,checking,-3869.25,active,2025-03-15
11067,638,business,5774.28,frozen,2025-06-12
11068,965,savings,64344.25,closed,2024-07-08
11069,256,business,73005.73,closed,2024-11-11
11070,315,savings,87423.82,frozen,2024-08-14
11071,700,checking,94696.23,active,2025-03-02
11072,782,checking,6847.95,closed,2024-08-01
11073,873,business,12687.88,frozen,2025-01-15
11074,998,checking,18586.51,active,2024-12-28
11075,182,business,58348.19,frozen,2025-02-20
11076,743,savings,86282.94,frozen,2025-02-15
11077,969,business,96140.66,closed,2025-03-15
11078,117,business,6044.96,closed,2025-06-01
11079,565,checking,62227.87,closed,2025-04-09
11080,860,business,82811.11,closed,2024-09-20
11081,171,savings,5618.75,closed,2025-01-12
11082,498,business,46972.49,frozen,2024-10-10
11083,889,business,22904.19,frozen,2025-03-29
11084,1000,business,58697.27,frozen,2025-05-11
11085,770,business,49491.51,frozen,2024-10-12
11086,784,savings,58174.54,frozen,2024-10-06
11087,202,business,4965.92,active,2024-07-13
11088,739,business,65623.99,frozen,2024-10-24
11089,864,checking,70420.35,active,2024-11-15
11090,712,business,77754.32,closed,2025-01-09
11091,77,checking,80381.87,frozen,2025-01-20
11092,885,business,90348.54,active,2024-09-15
11093,371,savings,61204.73,closed,2024-08-05
11094,203,checking,91670.32,active,2024-07-25
11095,936,checking,32651.84,frozen,2024-10-24
11096,705,checking,97225.85,active,2024-07-20
11097,567,checking,77289.53,closed,2024-10-23
11098,939,business,99052.45,closed,2025-06-05
11099,329,savings,53640.17,frozen,2024-12-30
11100,660,business,37138.69,closed,2024-07-15
11101,353,checking,84947.87,closed,2025-03-05
11102,721,business,51514.65,active,2025-06-18
11103,649,checking,5636.31,frozen,2025-03-25
11104,186,business,37636.85,frozen,2024-08-04
11105,601,business,14550.18,closed,2025-04-14
11106,415,checking,84877.48,closed,2024-08-24
11107,719,checking,79619.24,closed,2025-06-24
11108,327,savings,28889.78,active,2024-09-22
11109,389,business,27605.4,frozen,2025-03-04
11110,607,business,51516.71,closed,2025-04-30
11111,156,savings,4803.19,frozen,2024-10-29
11112,829,checking,10305.37,closed,2025-05-22
11113,725,checking,8968.39,closed,2024-07-15
11114,213,business,80530.17,closed,2024-09-11
11115,169,checking,99941.08,closed,2024-11-28
11116,84,savings,52538.66,frozen,2025-01-20
11117,561,savings,46921.76,frozen,2024-12-15
11118,449,savings,86889.28,closed,2024-08-09
11119,443,savings,-3696.07,active,2024-10-29
11120,43,business,45743.7,closed,2025-02-24
11121,849,business,52878.75,frozen,2025-04-13
11122,394,checking,14536.09,frozen,2024-11-25
11123,819,business,55422.97,closed,2025-05-10
11124,536,business,78663.72,closed,2025-06-23
11125,540,checking,33873.99,active,2025-04-23
11126,656,business,32492.79,frozen,2025-01-19
11127,276,checking,85294.19,frozen,2025-02-14
11128,506,business,55790.64,active,2024-07-24
11129,615,business,44952.46,closed,2025-04-10
11130,215,business,18921.56,closed,2024-07-10
11131,459,checking,23259.01,active,2025-02-07
11132,943,business,40976.45,frozen,2025-03-01
11133,894,savings,95082.22,active,2024-12-13
11134,46,business,42089.17,frozen,2025-06-02
11135,118,checking,45045.78,frozen,2025-05-30
11136,303,savings,66610.74,active,2024-12-17
11137,566,business,21461.27,frozen,2025-02-20
11138,57,business,57762.54,closed,2024-12-16
11139,274,checking,17596.43,closed,2025-01-20
11140,635,business,68206.63,closed,2024-07-16
11141,677,savings,54835.02,frozen,2025-05-31
11142,834,savings,75461.53,frozen,2025-06-03
11143,645,savings,96943.29,active,2024-08-20
11144,734,business,7566.76,active,2024-09-24
11145,131,business,38439.7,active,2025-03-01
11146,399,savings,97877.11,active,2024-10-21
11147,372,savings,63187.74,closed,2025-05-04
11148,245,checking,4356.1,closed,2025-04-24
11149,794,checking,35035.52,closed,2025-02-24
11150,284,checking,14213.91,closed,2024-10-07
11151,728,savings,69262.61,closed,2024-11-11
11152,503,savings,14379.47,closed,2024-12-08
11153,411,savings,31876.07,frozen,2025-01-10
11154,168,checking,42431.39,active,2024-10-17
11155,528,savings,87326.63,active,2024-10-06
11156,122,business,34180.43,active,2024-12-03
11157,4,business,-3679.26,closed,2024-12-26
11158,788,checking,-2096.38,frozen,2025-02-04
11159,768,savings,95349.73,active,2025-05-06
11160,703,savings,51197.47,closed,2024-10-17
11161,199,business,90824.54,frozen,2024-07-05
11162,767,business,13577.47,closed,2025-06-16
11163,364,business,10629.22,closed,2025-04-17
11164,63,business,-928.7,frozen,2024-09-24
11165,247,checking,93178.41,active,2025-05-10
11166,715,business,13943.76,frozen,2025-04-21
11167,343,savings,47253.36,frozen,2024-12-07
11168,318,business,91599.91,closed,2025-04-03
11169,797,checking,94121.17,frozen,2025-05-24
11170,135,checking,20853.33,active,2024-12-08
11171,491,checking,14775.72,closed,2024-10-19
11172,86,checking,1155.54,closed,2025-05-08
11173,203,business,4550.11,frozen,2024-07-04
11174,657,business,54114.65,frozen,2024-07-21
11175,808,business,62535.84,closed,2024-12-10
11176,657,savings,42029.98,active,2024-09-18
11177,600,business,39763.52,closed,2025-06-25
11178,773,savings,46498.86,closed,2024-08-17
11179,214,checking,53931.56,frozen,2025-02-19
11180,797,checking,47249.53,closed,2024-10-28
11181,113,business,82282.01,active,2024-12-29
11182,183,checking,88669.72,frozen,2024-09-18
11183,356,business,27933.63,active,2025-04-16
11184,58,savings,96510.66,closed,2025-01-05
11185,386,checking,96239.65,active,2025-01-08
11186,889,business,48379.36,active,2025-03-10
11187,692,checking,66519.01,active,2024-09-14
11188,440,savings,43009.54,active,2025-05-29
11189,454,business,28632.61,frozen,2024-08-11
11190,417,checking,16707.38,frozen,2024-11-10
11191,32,savings,91819.07,active,2025-02-07
11192,239,checking,-4502.43,active,2025-01-05
11193,678,savings,98643.98,active,2024-11-15
11194,762,checking,-300.54,active,2024-12-18
11195,505,business,65195.94,closed,2025-03-27
11196,635,savings,93728.64,frozen,2025-06-17
11197,559,checking,67479.53,closed,2024-08-27
11198,848,checking,24199.1,active,2025-02-14
11199,1000,checking,58013.61,frozen,2025-06-14
11049,311,business,85292.25,frozen,2025-05-18
10476,411,checking,88242.94,active,2025-01-14
10061,762,savings,63276.08,active,2025-05-10
10910,83,business,22905.15,closed,2025-01-25
10068,518,business,97388.25,closed,2025-03-20
11197,559,checking,67479.53,closed,2024-08-27
10683,193,business,43152.33,active,2025-01-30
11026,293,savings,64217.04,frozen,2025-01-10
10741,588,savings,24291.16,frozen,2024-07-08
10907,508,savings,21887.57,frozen,2024-08-30
10102,503,checking,90458.76,closed,2024-12-10
10273,848,savings,46084.32,frozen,2024-09-18
10883,911,checking,77674.26,frozen,2025-05-19
10933,967,savings,66898.36,frozen,2024-08-07
10770,944,savings,64153.9,active,2025-05-19
10268,170,savings,60880.99,frozen,2024-12-04
10263,162,business,35152.51,frozen,2025-05-02
10909,468,business,70324.93,active,2025-05-13
10739,631,business,62443.33,active,2025-06-07
10343,867,savings,67057.93,frozen,2025-04-11
11179,214,checking,53931.56,frozen,2025-02-19
10457,410,savings,21511.97,closed,2025-04-13
10618,732,business,45500.7,active,2025-04-21
10995,250,savings,74443.67,active,2025-01-27
